--Tabla categoría
insert into categoria values('C0000001','Abarrotes','',1);
insert into categoria values('C0000002','Enlatados','',1);
insert into categoria values('C0000003','Lácteos','',1);
insert into categoria values('C0000004','Botanas','',1);
insert into categoria values('C0000005','Confitería','',1);
insert into categoria values('C0000006','Harinas','',1);
insert into categoria values('C0000007','Frutas y verduras','',1);
insert into categoria values('C0000008','Bebidas','',1);
insert into categoria values('C0000009','Bebidas alcohólicas','',1);
insert into categoria values('C0000010','Alimentos preparados','',1);
insert into categoria values('C0000011','Medicamentos OTC','',1);
insert into categoria values('C0000012','Higiene personal','',1);
insert into categoria values('C0000013','Uso doméstico','',1);
insert into categoria values('C0000014','Congelados','',1);
insert into categoria values('C0000015','Jarcería y productos de limpieza','',1);
insert into categoria values('C0000016','Papelería','',1);
--Tabla artículo
insert into articulo values('A0000001','C0000001','Aceites comestibles',7.00,100,'',1);
insert into articulo values('A0000002','C0000001','Aderezos',6.00,100,'',1);
insert into articulo values('A0000003','C0000001','Arroz',8.00,100,'',1);
insert into articulo values('A0000004','C0000001','Consomé',12.00,100,'',1);
insert into articulo values('A0000005','C0000001','Puré de tomate',3.00,100,'',1);
insert into articulo values('A0000006','C0000001','Alimento para bebé',7.00,100,'',1);
insert into articulo values('A0000007','C0000001','Alimento para mascotas',6.00,100,'',1);
insert into articulo values('A0000008','C0000001','Atole',7.00,100,'',1);
insert into articulo values('A0000009','C0000001','Avena',5.40,100,'',1);
insert into articulo values('A0000010','C0000001','Azúcar',6.20,100,'',1);
insert into articulo values('A0000011','C0000001','Café',1.50,100,'',1);
insert into articulo values('A0000012','C0000001','Cereales',4.50,100,'',1);
insert into articulo values('A0000013','C0000001','Chile piquín',3.80,100,'',1);
insert into articulo values('A0000014','C0000001','Especias',0.50,100,'',1);
insert into articulo values('A0000015','C0000001','Flan en polvo',3.80,100,'',1);
insert into articulo values('A0000016','C0000001','Fórmulas infantiles',7.00,100,'',1);
insert into articulo values('A0000017','C0000001','Gelatinas en polvo/Grenetina',2.50,100,'',1);
insert into articulo values('A0000018','C0000001','Harina/Harina preparada',7.00,100,'',1);
insert into articulo values('A0000019','C0000001','Sal',3.00,100,'',1);
insert into articulo values('A0000020','C0000001','Salsas envasadas',6.00,100,'',1);
insert into articulo values('A0000021','C0000001','Sazonadores',0.50,100,'',1);
insert into articulo values('A0000022','C0000001','Sopas en sobre',1.00,100,'',1);
insert into articulo values('A0000023','C0000001','Cátsup',5.00,100,'',1);
insert into articulo values('A0000024','C0000001','Mayonesa',4.60,100,'',1);
insert into articulo values('A0000025','C0000001','Mermelada',7.50,100,'',1);
insert into articulo values('A0000026','C0000001','Miel',12.00,100,'',1);
insert into articulo values('A0000027','C0000001','Té',3.50,100,'',1);
insert into articulo values('A0000028','C0000001','Vinagre',4.50,100,'',1);
insert into articulo values('A0000029','C0000001','Huevo',1.00,100,'',1);
insert into articulo values('A0000030','C0000001','Pasta',3.50,100,'',1);

insert into articulo values('A0000031','C0000002','Aceitunas',3.50,100,'',1);
insert into articulo values('A0000032','C0000002','Champiñones enteros',8.50,100,'',1);
insert into articulo values('A0000033','C0000002','Frijoles',6.50,100,'',1);
insert into articulo values('A0000034','C0000002','Frutas en almíbar',7.50,100,'',1);
insert into articulo values('A0000035','C0000002','Sardinas',2.50,100,'',1);
insert into articulo values('A0000036','C0000002','Atún en agua/aceite',5.50,100,'',1);
insert into articulo values('A0000037','C0000002','Chiles',3.00,100,'',1);
insert into articulo values('A0000038','C0000002','Ensaladas',3.50,100,'',1);
insert into articulo values('A0000039','C0000002','Granos de elote',3.50,100,'',1);
insert into articulo values('A0000040','C0000002','Sopa',8.90,100,'',1);
insert into articulo values('A0000041','C0000002','Vegetales en conserva',13.50,100,'',1);
insert into articulo values('A0000042','C0000003','Leche condesada',8.50,100,'',1);
insert into articulo values('A0000043','C0000003','Leche evaporada',8.50,100,'',1);
insert into articulo values('A0000044','C0000003','Yogur',6.50,100,'',1);
insert into articulo values('A0000045','C0000003','Leche entera',6.50,100,'',1);
insert into articulo values('A0000046','C0000003','Leche deslactosada',6.50,100,'',1);
insert into articulo values('A0000047','C0000003','Leche light',5.50,100,'',1);
insert into articulo values('A0000048','C0000003','Crema',1.50,100,'',1);
insert into articulo values('A0000049','C0000003','Leche pasteurizada',3.50,100,'',1);
insert into articulo values('A0000050','C0000003','Leche en polvo',11.50,100,'',1);
insert into articulo values('A0000051','C0000003','Mantequilla',12.70,100,'',1);
insert into articulo values('A0000052','C0000003','Margarina',10.50,100,'',1);
insert into articulo values('A0000053','C0000003','Queso',22.50,100,'',1);
insert into articulo values('A0000054','C0000004','Papas',3.50,100,'',1);
insert into articulo values('A0000055','C0000004','Palomitas',1.50,100,'',1);
insert into articulo values('A0000056','C0000004','Frituras de maíz',1.50,100,'',1);
insert into articulo values('A0000057','C0000004','Cacahuates',2.50,100,'',1);
insert into articulo values('A0000058','C0000004','Botanas saladas',1.50,100,'',1);
insert into articulo values('A0000059','C0000004','Barras alimenticias',3.50,100,'',1);
insert into articulo values('A0000060','C0000004','Nueces y semillas',3.50,100,'',1);
insert into articulo values('A0000061','C0000005','Caramelos',0.50,100,'',1);
insert into articulo values('A0000062','C0000005','Dulces enchilados',1.50,100,'',1);
insert into articulo values('A0000063','C0000005','Chocolate de mesa',8.50,100,'',1);
insert into articulo values('A0000064','C0000005','Gomas de mascar',0.50,100,'',1);
insert into articulo values('A0000065','C0000005','Mazapán',1.50,100,'',1);
insert into articulo values('A0000066','C0000005','Malvaviscos',1.50,100,'',1);
insert into articulo values('A0000067','C0000005','Pulpa de tamarindo',2.50,100,'',1);
insert into articulo values('A0000068','C0000005','Pastillas de dulce',1.50,100,'',1);
insert into articulo values('A0000069','C0000005','Paletas de dulce',4.50,100,'',1);

insert into articulo values('A0000070','C0000006','Tortillas de harina',1.50,100,'',1);
insert into articulo values('A0000071','C0000006','Galletas dulces',1.50,100,'',1);
insert into articulo values('A0000072','C0000006','Galletas saladas',2.50,100,'',1);
insert into articulo values('A0000073','C0000006','Pastelillos',1.50,100,'',1);
insert into articulo values('A0000075','C0000006','Pan de caja',1.50,100,'',1);
insert into articulo values('A0000076','C0000006','Pan dulce',2.50,100,'',1);
insert into articulo values('A0000077','C0000006','Pan molido',1.50,100,'',1);
insert into articulo values('A0000078','C0000006','Pan tostado',1.50,100,'',1);
insert into articulo values('A0000079','C0000007','Aguacate',7.50,100,'',1);
insert into articulo values('A0000080','C0000007','Ajo',0.50,100,'',1);
insert into articulo values('A0000081','C0000007','Cebolla',0.50,100,'',1);
insert into articulo values('A0000082','C0000007','Cilantro',0.50,100,'',1);
insert into articulo values('A0000083','C0000007','Jitomate',3.50,100,'',1);
insert into articulo values('A0000084','C0000007','Limones',1.50,100,'',1);
insert into articulo values('A0000085','C0000007','Manzanas',6.00,100,'',1);
insert into articulo values('A0000086','C0000007','Naranjas',14.50,100,'',1);
insert into articulo values('A0000087','C0000007','Plátanos',14.50,100,'',1);
insert into articulo values('A0000088','C0000008','Agua mineral',1.50,100,'',1);
insert into articulo values('A0000089','C0000008','Jarabes',6.50,100,'',1);
insert into articulo values('A0000090','C0000008','Jugos',4.50,100,'',1);
insert into articulo values('A0000091','C0000008','Naranjadas',4.50,100,'',1);
insert into articulo values('A0000092','C0000008','Bebidas de soya',1.50,100,'',1);
insert into articulo values('A0000093','C0000008','Energetizantes',4.50,100,'',1);
insert into articulo values('A0000094','C0000008','Refrescos',4.50,100,'',1);
insert into articulo values('A0000095','C0000009','Bebidas preparadas',4.50,100,'',1);
insert into articulo values('A0000096','C0000009','Cerveza',6.50,100,'',1);
insert into articulo values('A0000097','C0000009','Anís',2.50,100,'',1);
insert into articulo values('A0000098','C0000009','Brandy',45.50,100,'',1);
insert into articulo values('A0000099','C0000009','Ginebra',48.50,100,'',1);
insert into articulo values('A0000100','C0000009','Cordiales',41.50,100,'',1);
insert into articulo values('A0000101','C0000009','Mezcal',14.50,100,'',1);
insert into articulo values('A0000102','C0000009','Jerez',44.50,100,'',1);
insert into articulo values('A0000103','C0000009','Ron',38.50,100,'',1);
insert into articulo values('A0000104','C0000009','Tequila',102.50,100,'',1);
insert into articulo values('A0000105','C0000009','Sidra',50.50,100,'',1);
insert into articulo values('A0000106','C0000009','Whisky',46.50,100,'',1);
insert into articulo values('A0000107','C0000009','Vodka',48.50,100,'',1);
insert into articulo values('A0000108','C0000009','cerveza artesanal',46.50,100,'',1);

--Tabla cliente
INSERT INTO cliente (idCliente, nombre, tipo_documento, num_documento, direccion, telefono, email) VALUES
('C001', 'Juan Pérez', 'DNI', '12345678', 'Av. Siempre Viva 123', '987654321', 'juan.perez@email.com'),
('C002', 'Ana García', 'DNI', '87654321', 'Calle Falsa 456', '961234567', 'ana.garcia@email.com'),
('C003', 'Carlos Rodríguez', 'RUC', '20454321678', 'Jr. Los Olivos 789', '994321678', 'carlos.rodriguez@email.com'),
('C004', 'Lucía Gómez', 'DNI', '23456789', 'Calle Real 234', '988765432', 'lucia.gomez@email.com'),
('C005', 'Pedro Martínez', 'DNI', '34567890', 'Av. Libertador 567', '932123456', 'pedro.martinez@email.com'),
('C006', 'María López', 'CEX', 'M98765432', 'Pasaje de los Ángeles 12', '915432678', 'maria.lopez@email.com'),
('C007', 'José Fernández', 'DNI', '45678901', 'Calle 2 de Mayo 34', '911223344', 'jose.fernandez@email.com'),
('C008', 'Laura Martínez', 'DNI', '56789012', 'Av. Bolívar 890', '982342567', 'laura.martinez@email.com'),
('C009', 'José Antonio Torres', 'DNI', '67890123', 'Calle Sol 111', '998877665', 'jose.torres@email.com'),
('C010', 'Sofía Hernández', 'RUC', '20123456789', 'Jr. El Sol 123', '960112233', 'sofia.hernandez@email.com'),
('C011', 'Rafael Pérez', 'DNI', '78901234', 'Callejón del Sol 5', '914556677', 'rafael.perez@email.com'),
('C012', 'Marta García', 'DNI', '89012345', 'Calle Vía 23', '939988877', 'marta.garcia@email.com'),
('C013', 'Ricardo Jiménez', 'CEX', 'J12345678', 'Calle Pino 456', '923344455', 'ricardo.jimenez@email.com'),
('C014', 'Isabel Díaz', 'RUC', '20567890123', 'Av. Las Flores 789', '997755443', 'isabel.diaz@email.com'),
('C015', 'Antonio López', 'DNI', '90123456', 'Jr. Santa Rosa 101', '905432678', 'antonio.lopez@email.com'),
('C016', 'Eva Sánchez', 'CEX', 'E98765432', 'Calle Las Palmas 32', '920876543', 'eva.sanchez@email.com'),
('C017', 'Felipe Romero', 'RUC', '20345678901', 'Callejón Verde 12', '915243678', 'felipe.romero@email.com'),
('C018', 'Ricardo Morales', 'DNI', '12348765', 'Calle 1 de Agosto 89', '944556677', 'ricardo.morales@email.com'),
('C019', 'Patricia Ruiz', 'DNI', '23457890', 'Av. Perú 456', '999987654', 'patricia.ruiz@email.com'),
('C020', 'Javier Martínez', 'CEX', 'J65432100', 'Calle Las Violetas 321', '960876543', 'javier.martinez@email.com');
--Tabla rol

INSERT INTO rol (idrol, nombre, descripcion, estado) VALUES
('R001', 'Administrador', 'Rol con acceso completo a todas las funcionalidades y configuración del sistema.', 1),
('R002', 'Gerente', 'Rol con permisos para gestionar usuarios y supervisar operaciones, pero sin acceso total al sistema.', 1),
('R003', 'Empleado', 'Rol con permisos limitados, principalmente para gestionar su propio trabajo y tareas asignadas.', 1),
('R004', 'Auditor', 'Rol con permisos solo de lectura para revisar logs y actividades sin capacidad de modificación.', 1);

--Tabla usuario
INSERT INTO usuario (idusuario,idrol, nombre, tipo_documento, num_documento, direccion, telefono, email, password, estado) VALUES
('U00001','R001', 'Juan Pérez', 'DNI', '12345678', 'Av. Siempre Viva 123', '987654321', 'juan.perez@email.com', 123, 1),
('U00002','R002', 'Ana García', 'DNI', '87654321', 'Calle Falsa 456', '961234567', 'ana.garcia@email.com', 123, 1),
('U00003','R003', 'Carlos Rodríguez', 'RUC', '20454321678', 'Jr. Los Olivos 789', '994321678', 'carlos.rodriguez@email.com', 123, 1),
('U00004','R003', 'Lucía Gómez', 'DNI', '23456789', 'Calle Real 234', '988765432', 'lucia.gomez@email.com', 123, 1),
('U00005','R003', 'Pedro Martínez', 'DNI', '34567890', 'Av. Libertador 567', '932123456', 'pedro.martinez@email.com', 123, 1),
('U00006','R004', 'María López', 'CEX', 'M98765432', 'Pasaje de los Ángeles 12', '915432678', 'maria.lopez@email.com', 123, 1),
('U00007','R003', 'José Fernández', 'DNI', '45678901', 'Calle 2 de Mayo 34', '911223344', 'jose.fernandez@email.com', 123, 1),
('U00008','R003', 'Laura Martínez', 'DNI', '56789012', 'Av. Bolívar 890', '982342567', 'laura.martinez@email.com', 123, 1),
('U00009','R004', 'José Antonio Torres', 'DNI', '67890123', 'Calle Sol 111', '998877665', 'jose.torres@email.com', 123, 1),
('U00010','R003', 'Sofía Hernández', 'RUC', '20123456789', 'Jr. El Sol 123', '960112233', 'sofia.hernandez@email.com', 123, 1);
--Tabla venta
INSERT INTO venta (idcliente, idusuario, tipo_comprobante, serie_comprobante, num_comprobante, fecha_hora, impuesto, total, estado) VALUES
('C001', 'U00001', 'Factura', 'FV001', '00000001', '2025-02-16 10:00:00', 18.50, 150.75, 'Pendiente'),
('C002', 'U00002', 'Boleta', 'BL002', '00000002', '2025-02-16 11:30:00', 12.00, 120.50, 'Pagada'),
('C003', 'U00003', 'Factura', 'FV003', '00000003', '2025-02-16 14:00:00', 21.25, 210.00, 'Pendiente'),
('C004', 'U00004', 'Boleta', 'BL004', '00000004', '2025-02-16 15:30:00', 8.75, 85.00, 'Pagada'),
('C005', 'U00001', 'Factura', 'FV005', '00000005', '2025-02-16 16:00:00', 15.50, 180.00, 'Pendiente'),
('C006', 'U00001', 'Factura', 'FV006', '00000006', '2025-02-16 17:45:00', 10.00, 100.00, 'Pagada'),
('C007', 'U00002', 'Boleta', 'BL007', '00000007', '2025-02-16 18:15:00', 9.80, 98.00, 'Pendiente'),
('C008', 'U00003', 'Factura', 'FV008', '00000008', '2025-02-16 19:00:00', 13.50, 135.00, 'Pagada'),
('C009', 'U00004', 'Boleta', 'BL009', '00000009', '2025-02-16 20:30:00', 7.00, 70.00, 'Pendiente'),
('C010', 'U00002', 'Factura', 'FV010', '00000010', '2025-02-16 21:00:00', 18.00, 200.00, 'Pagada'),
('C001', 'U00003', 'Factura', 'FV011', '00000011', '2025-02-17 09:00:00', 14.50, 145.00, 'Pendiente'),
('C012', 'U00004', 'Boleta', 'BL012', '00000012', '2025-02-17 10:15:00', 5.50, 55.00, 'Pagada'),
('C003', 'U00002', 'Factura', 'FV013', '00000013', '2025-02-17 11:45:00', 19.00, 190.00, 'Pendiente'),
('C004', 'U00001', 'Boleta', 'BL014', '00000014', '2025-02-17 13:00:00', 6.25, 62.50, 'Pagada'),
('C005', 'U00002', 'Factura', 'FV015', '00000015', '2025-02-17 14:30:00', 16.75, 170.00, 'Pendiente'),
('C016', 'U00003', 'Boleta', 'BL016', '00000016', '2025-02-17 15:15:00', 10.00, 100.00, 'Pagada'),
('C007', 'U00004', 'Factura', 'FV017', '00000017', '2025-02-17 16:00:00', 12.50, 125.00, 'Pendiente'),
('C008', 'U00002', 'Boleta', 'BL018', '00000018', '2025-02-17 17:30:00', 9.00, 90.00, 'Pagada'),
('C009', 'U00001', 'Factura', 'FV019', '00000019', '2025-02-17 18:00:00', 17.25, 175.00, 'Pendiente'),
('C010', 'U00002', 'Boleta', 'BL020', '00000020', '2025-02-17 19:30:00', 8.00, 80.00, 'Pagada'),
('C010', 'U00003', 'Factura', 'FV021', '00000021', '2025-02-18 10:15:00', 14.00, 140.00, 'Pendiente'),
('C002', 'U00004', 'Boleta', 'BL022', '00000022', '2025-02-18 11:30:00', 5.25, 52.50, 'Pagada'),
('C003', 'U00001', 'Factura', 'FV023', '00000023', '2025-02-18 13:00:00', 18.00, 180.00, 'Pendiente'),
('C014', 'U00001', 'Boleta', 'BL024', '00000024', '2025-02-18 14:45:00', 7.50, 75.00, 'Pagada'),
('C005', 'U00002', 'Factura', 'FV025', '00000025', '2025-02-18 15:30:00', 16.00, 160.00, 'Pendiente'),
('C006', 'U00003', 'Boleta', 'BL026', '00000026', '2025-02-18 16:00:00', 8.50, 85.00, 'Pagada'),
('C007', 'U00004', 'Factura', 'FV027', '00000027', '2025-02-18 17:15:00', 13.25, 132.50, 'Pendiente'),
('C008', 'U00003', 'Boleta', 'BL028', '00000028', '2025-02-18 18:30:00', 9.50, 95.00, 'Pagada'),
('C009', 'U00001', 'Factura', 'FV029', '00000029', '2025-02-18 19:45:00', 19.75, 197.50, 'Pendiente'),
('C009', 'U00002', 'Factura', 'FV030', '00000031', '2025-03-18 19:45:00', 19.75, 197.50, 'Pendiente'),
('C001', 'U00003', 'Boleta', 'BL031', '00000032', '2025-03-19 19:45:00', 19.75, 197.50, 'Pendiente'),
('C020', 'U00002', 'Boleta', 'BL030', '00000030', '2025-02-18 20:00:00', 11.00, 110.00, 'Pagada');

--Tabla detalle_venta
INSERT INTO detalle_venta (idventa, idarticulo, cantidad, precio, descuento) VALUES
(1, 'A0000001', 3, 30.00, 5.00),
(1, 'A0000002', 2, 25.00, 3.00),
(2, 'A0000003', 1, 15.00, 2.00),
(2, 'A0000004', 4, 20.00, 4.00),
(3, 'A0000005', 5, 12.00, 1.00),
(3, 'A0000006', 2, 50.00, 7.00),
(4, 'A0000007', 3, 45.00, 10.00),
(4, 'A0000008', 1, 60.00, 5.00),
(5, 'A0000009', 4, 40.00, 6.00),
(5, 'A0000010', 3, 35.00, 4.00),
(6, 'A0000001', 6, 30.00, 3.00),
(6, 'A0000002', 2, 25.00, 2.00),
(7, 'A0000003', 2, 18.00, 1.00),
(7, 'A0000004', 3, 20.00, 4.00),
(8, 'A0000005', 3, 12.00, 1.50),
(8, 'A0000006', 4, 50.00, 6.00),
(9, 'A0000007', 1, 45.00, 8.00),
(9, 'A0000008', 5, 60.00, 9.00),
(10, 'A0000009', 2, 40.00, 3.00),
(10, 'A0000010', 1, 35.00, 2.50),
(11, 'A0000001', 4, 30.00, 2.00),
(11, 'A0000003', 3, 18.00, 1.50),
(12, 'A0000004', 2, 20.00, 2.00),
(12, 'A0000005', 3, 12.00, 2.00),
(13, 'A0000006', 4, 50.00, 7.00),
(13, 'A0000007', 1, 45.00, 5.00),
(14, 'A0000008', 2, 60.00, 4.00),
(14, 'A0000009', 3, 40.00, 5.00),
(15, 'A0000010', 4, 35.00, 3.00),
(15, 'A0000001', 2, 30.00, 1.50),
(16, 'A0000002', 1, 25.00, 1.00),
(16, 'A0000003', 3, 18.00, 1.75),
(17, 'A0000004', 2, 20.00, 3.00);
